{
  "model": "KNN",
  "author": "Afrisya Dwiky Mauliddinka",
  "best_params": {
    "metric": "manhattan",
    "n_neighbors": 15,
    "p": 1,
    "weights": "uniform"
  },
  "best_cv_accuracy": 0.7677,
  "test_accuracy": 0.7542,
  "classification_report": {
    "Healthy": {
      "precision": 0.8035714285714286,
      "recall": 0.75,
      "f1-score": 0.7758620689655172,
      "support": 60.0
    },
    "High Stress": {
      "precision": 0.8155339805825242,
      "recall": 0.84,
      "f1-score": 0.8275862068965517,
      "support": 100.0
    },
    "Moderate Stress": {
      "precision": 0.6419753086419753,
      "recall": 0.65,
      "f1-score": 0.6459627329192547,
      "support": 80.0
    },
    "accuracy": 0.7541666666666667,
    "macro avg": {
      "precision": 0.7536935725986428,
      "recall": 0.7466666666666666,
      "f1-score": 0.7498036695937745,
      "support": 240.0
    },
    "weighted avg": {
      "precision": 0.7546904519329006,
      "recall": 0.7541666666666667,
      "f1-score": 0.7541140144213608,
      "support": 240.0
    }
  },
  "training_time_seconds": 2.6
}