{
  "model": "SVM",
  "author": "Afrisya Dwiky Mauliddinka",
  "best_params": {
    "C": 100,
    "degree": 2,
    "gamma": "auto",
    "kernel": "rbf"
  },
  "best_cv_accuracy": 0.9092,
  "test_accuracy": 0.8292,
  "classification_report": {
    "Healthy": {
      "precision": 0.8135593220338984,
      "recall": 0.8,
      "f1-score": 0.8067226890756303,
      "support": 60.0
    },
    "High Stress": {
      "precision": 0.9090909090909091,
      "recall": 0.9,
      "f1-score": 0.9045226130653267,
      "support": 100.0
    },
    "Moderate Stress": {
      "precision": 0.7439024390243902,
      "recall": 0.7625,
      "f1-score": 0.7530864197530864,
      "support": 80.0
    },
    "accuracy": 0.8291666666666667,
    "macro avg": {
      "precision": 0.8221842233830658,
      "recall": 0.8208333333333334,
      "f1-score": 0.8214439072980145,
      "support": 240.0
    },
    "weighted avg": {
      "precision": 0.8301451889711501,
      "recall": 0.8291666666666667,
      "f1-score": 0.8295939009638224,
      "support": 240.0
    }
  },
  "training_time_seconds": 40.2
}