{
  "model": "KNN",
  "author": "Muhammad Hafizh Raharja",
  "best_params": {
    "metric": "manhattan",
    "n_neighbors": 13,
    "p": 1,
    "weights": "distance"
  },
  "best_cv_accuracy": 0.8217,
  "test_accuracy": 0.725,
  "classification_report": {
    "Healthy": {
      "precision": 0.6527777777777778,
      "recall": 0.7833333333333333,
      "f1-score": 0.7121212121212122,
      "support": 60.0
    },
    "High Stress": {
      "precision": 0.8735632183908046,
      "recall": 0.76,
      "f1-score": 0.8128342245989305,
      "support": 100.0
    },
    "Moderate Stress": {
      "precision": 0.6296296296296297,
      "recall": 0.6375,
      "f1-score": 0.6335403726708074,
      "support": 80.0
    },
    "accuracy": 0.725,
    "macro avg": {
      "precision": 0.7186568752660708,
      "recall": 0.7269444444444444,
      "f1-score": 0.7194986031303167,
      "support": 240.0
    },
    "weighted avg": {
      "precision": 0.7370556619838229,
      "recall": 0.725,
      "f1-score": 0.7278913541701264,
      "support": 240.0
    }
  },
  "training_time_seconds": 1.8
}