{
  "models": [
    {
      "model": "SVM",
      "author": "Johanes Darren Yehuda",
      "best_params": {
        "C": 100,
        "degree": 2,
        "gamma": 0.01,
        "kernel": "rbf"
      },
      "best_cv_accuracy": 0.8698,
      "test_accuracy": 0.8417,
      "classification_report": {
        "Healthy": {
          "precision": 0.8545454545454545,
          "recall": 0.7833333333333333,
          "f1-score": 0.8173913043478261,
          "support": 60.0
        },
        "High Stress": {
          "precision": 0.9191919191919192,
          "recall": 0.91,
          "f1-score": 0.914572864321608,
          "support": 100.0
        },
        "Moderate Stress": {
          "precision": 0.7441860465116279,
          "recall": 0.8,
          "f1-score": 0.7710843373493976,
          "support": 80.0
        },
        "accuracy": 0.8416666666666667,
        "macro avg": {
          "precision": 0.8393078067496672,
          "recall": 0.831111111111111,
          "f1-score": 0.8343495020062773,
          "support": 240.0
        },
        "weighted avg": {
          "precision": 0.8446950121368725,
          "recall": 0.8416666666666667,
          "f1-score": 0.8424479653374257,
          "support": 240.0
        }
      },
      "training_time_seconds": 20.8
    },
    {
      "model": "KNN",
      "author": "Afrisya Dwiky Mauliddinka",
      "best_params": {
        "metric": "manhattan",
        "n_neighbors": 15,
        "p": 1,
        "weights": "uniform"
      },
      "best_cv_accuracy": 0.7677,
      "test_accuracy": 0.7542,
      "classification_report": {
        "Healthy": {
          "precision": 0.8035714285714286,
          "recall": 0.75,
          "f1-score": 0.7758620689655172,
          "support": 60.0
        },
        "High Stress": {
          "precision": 0.8155339805825242,
          "recall": 0.84,
          "f1-score": 0.8275862068965517,
          "support": 100.0
        },
        "Moderate Stress": {
          "precision": 0.6419753086419753,
          "recall": 0.65,
          "f1-score": 0.6459627329192547,
          "support": 80.0
        },
        "accuracy": 0.7541666666666667,
        "macro avg": {
          "precision": 0.7536935725986428,
          "recall": 0.7466666666666666,
          "f1-score": 0.7498036695937745,
          "support": 240.0
        },
        "weighted avg": {
          "precision": 0.7546904519329006,
          "recall": 0.7541666666666667,
          "f1-score": 0.7541140144213608,
          "support": 240.0
        }
      },
      "training_time_seconds": 2.6
    },
    {
      "model": "Decision Tree",
      "author": "Muhammad Hafizh Raharja",
      "best_params": {
        "criterion": "gini",
        "max_depth": "5",
        "max_features": null,
        "min_samples_leaf": "1",
        "min_samples_split": "2"
      },
      "best_cv_accuracy": 0.9969,
      "test_accuracy": 1.0,
      "classification_report": {
        "Healthy": {
          "precision": 1.0,
          "recall": 1.0,
          "f1-score": 1.0,
          "support": 60.0
        },
        "High Stress": {
          "precision": 1.0,
          "recall": 1.0,
          "f1-score": 1.0,
          "support": 100.0
        },
        "Moderate Stress": {
          "precision": 1.0,
          "recall": 1.0,
          "f1-score": 1.0,
          "support": 80.0
        },
        "accuracy": 1.0,
        "macro avg": {
          "precision": 1.0,
          "recall": 1.0,
          "f1-score": 1.0,
          "support": 240.0
        },
        "weighted avg": {
          "precision": 1.0,
          "recall": 1.0,
          "f1-score": 1.0,
          "support": 240.0
        }
      },
      "feature_importance": [
        {
          "Feature": "Soil_Moisture",
          "Importance": 0.6959378615545306
        },
        {
          "Feature": "Nitrogen_Level",
          "Importance": 0.3040621384454694
        },
        {
          "Feature": "Ambient_Temperature",
          "Importance": 0.0
        },
        {
          "Feature": "Soil_Temperature",
          "Importance": 0.0
        },
        {
          "Feature": "Humidity",
          "Importance": 0.0
        },
        {
          "Feature": "Light_Intensity",
          "Importance": 0.0
        },
        {
          "Feature": "Soil_pH",
          "Importance": 0.0
        },
        {
          "Feature": "Phosphorus_Level",
          "Importance": 0.0
        },
        {
          "Feature": "Potassium_Level",
          "Importance": 0.0
        },
        {
          "Feature": "Chlorophyll_Content",
          "Importance": 0.0
        },
        {
          "Feature": "Electrochemical_Signal",
          "Importance": 0.0
        }
      ],
      "training_time_seconds": 2.5
    }
  ],
  "best_model": {
    "name": "Decision Tree",
    "test_accuracy": 1.0,
    "author": "Muhammad Hafizh Raharja"
  }
}