{
  "models": [
    {
      "model": "SVM",
      "author": "Afrisya Dwiky Mauliddinka",
      "best_params": {
        "C": 100,
        "degree": 2,
        "gamma": "auto",
        "kernel": "rbf"
      },
      "best_cv_accuracy": 0.9092,
      "test_accuracy": 0.8292,
      "classification_report": {
        "Healthy": {
          "precision": 0.8135593220338984,
          "recall": 0.8,
          "f1-score": 0.8067226890756303,
          "support": 60.0
        },
        "High Stress": {
          "precision": 0.9090909090909091,
          "recall": 0.9,
          "f1-score": 0.9045226130653267,
          "support": 100.0
        },
        "Moderate Stress": {
          "precision": 0.7439024390243902,
          "recall": 0.7625,
          "f1-score": 0.7530864197530864,
          "support": 80.0
        },
        "accuracy": 0.8291666666666667,
        "macro avg": {
          "precision": 0.8221842233830658,
          "recall": 0.8208333333333334,
          "f1-score": 0.8214439072980145,
          "support": 240.0
        },
        "weighted avg": {
          "precision": 0.8301451889711501,
          "recall": 0.8291666666666667,
          "f1-score": 0.8295939009638224,
          "support": 240.0
        }
      },
      "training_time_seconds": 40.2
    },
    {
      "model": "KNN",
      "author": "Muhammad Hafizh Raharja",
      "best_params": {
        "metric": "manhattan",
        "n_neighbors": 13,
        "p": 1,
        "weights": "distance"
      },
      "best_cv_accuracy": 0.8217,
      "test_accuracy": 0.725,
      "classification_report": {
        "Healthy": {
          "precision": 0.6527777777777778,
          "recall": 0.7833333333333333,
          "f1-score": 0.7121212121212122,
          "support": 60.0
        },
        "High Stress": {
          "precision": 0.8735632183908046,
          "recall": 0.76,
          "f1-score": 0.8128342245989305,
          "support": 100.0
        },
        "Moderate Stress": {
          "precision": 0.6296296296296297,
          "recall": 0.6375,
          "f1-score": 0.6335403726708074,
          "support": 80.0
        },
        "accuracy": 0.725,
        "macro avg": {
          "precision": 0.7186568752660708,
          "recall": 0.7269444444444444,
          "f1-score": 0.7194986031303167,
          "support": 240.0
        },
        "weighted avg": {
          "precision": 0.7370556619838229,
          "recall": 0.725,
          "f1-score": 0.7278913541701264,
          "support": 240.0
        }
      },
      "training_time_seconds": 1.8
    },
    {
      "model": "Neural Network",
      "author": "Johanes Darren Yehuda",
      "best_params": {
        "activation": "tanh",
        "alpha": "0.0001",
        "hidden_layer_sizes": "(16, 16, 16)",
        "learning_rate_init": "0.001",
        "solver": "adam"
      },
      "best_cv_accuracy": 0.945,
      "test_accuracy": 0.9292,
      "classification_report": {
        "Healthy": {
          "precision": 0.9310344827586207,
          "recall": 0.9,
          "f1-score": 0.9152542372881356,
          "support": 60.0
        },
        "High Stress": {
          "precision": 0.9514563106796117,
          "recall": 0.98,
          "f1-score": 0.9655172413793104,
          "support": 100.0
        },
        "Moderate Stress": {
          "precision": 0.8987341772151899,
          "recall": 0.8875,
          "f1-score": 0.8930817610062893,
          "support": 80.0
        },
        "accuracy": 0.9291666666666667,
        "macro avg": {
          "precision": 0.9270749902178074,
          "recall": 0.9225,
          "f1-score": 0.9246177465579116,
          "support": 240.0
        },
        "weighted avg": {
          "precision": 0.9287768092112233,
          "recall": 0.9291666666666667,
          "f1-score": 0.9288063302321764,
          "support": 240.0
        }
      },
      "training_time_seconds": 49.5
    }
  ],
  "best_model": {
    "name": "Neural Network",
    "test_accuracy": 0.9292,
    "author": "Johanes Darren Yehuda"
  }
}