{
  "model": "SVM",
  "author": "Johanes Darren Yehuda",
  "best_params": {
    "C": 100,
    "degree": 2,
    "gamma": 0.01,
    "kernel": "rbf"
  },
  "best_cv_accuracy": 0.8698,
  "test_accuracy": 0.8417,
  "classification_report": {
    "Healthy": {
      "precision": 0.8545454545454545,
      "recall": 0.7833333333333333,
      "f1-score": 0.8173913043478261,
      "support": 60.0
    },
    "High Stress": {
      "precision": 0.9191919191919192,
      "recall": 0.91,
      "f1-score": 0.914572864321608,
      "support": 100.0
    },
    "Moderate Stress": {
      "precision": 0.7441860465116279,
      "recall": 0.8,
      "f1-score": 0.7710843373493976,
      "support": 80.0
    },
    "accuracy": 0.8416666666666667,
    "macro avg": {
      "precision": 0.8393078067496672,
      "recall": 0.831111111111111,
      "f1-score": 0.8343495020062773,
      "support": 240.0
    },
    "weighted avg": {
      "precision": 0.8446950121368725,
      "recall": 0.8416666666666667,
      "f1-score": 0.8424479653374257,
      "support": 240.0
    }
  },
  "training_time_seconds": 20.1
}